{"cameraMode":{"drawMode":0,"name":"Shaded","section":"Shading Mode"},"sceneLighting":false,"audioPlay":false,"sceneViewState":{"showFog":true,"showMaterialUpdate":true,"showSkybox":false,"showFlares":true,"showImageEffects":true,"showParticleSystems":true},"in2DMode":false,"pivot":{"x":1.052187442779541,"y":-5.164036273956299,"z":1.0520656108856202},"rotation":{"x":-0.5323078632354736,"y":0.13359501957893372,"z":-0.08552433550357819,"w":-0.8315565586090088},"size":13.827766418457032,"orthographic":false}