{"cameraMode":{"drawMode":0,"name":"Shaded","section":"Shading Mode"},"sceneLighting":false,"audioPlay":false,"sceneViewState":{"showFog":true,"showMaterialUpdate":true,"showSkybox":false,"showFlares":true,"showImageEffects":true,"showParticleSystems":true},"in2DMode":false,"pivot":{"x":0.0,"y":0.8659254312515259,"z":-0.07776057720184326},"rotation":{"x":-0.3273075520992279,"y":0.048442292958498,"z":-0.016809675842523576,"w":-0.9435256719589233},"size":1.7982776165008546,"orthographic":false}