{"cameraMode":{"drawMode":0,"name":"Shaded","section":"Shading Mode"},"sceneLighting":false,"audioPlay":false,"sceneViewState":{"showFog":true,"showMaterialUpdate":true,"showSkybox":false,"showFlares":true,"showImageEffects":true,"showParticleSystems":true},"in2DMode":false,"pivot":{"x":8.535813331604004,"y":-2.264246940612793,"z":10.143614768981934},"rotation":{"x":-0.5323078632354736,"y":0.13359501957893372,"z":-0.08552433550357819,"w":-0.8315565586090088},"size":43.71875,"orthographic":false}